,MUE,MDUE,R2 Pearson,R2 Pearson Max,Stdev,Dahlberg Stdev,KS test D-stat,D-critical stat,Num Outliers,LR Rsquared,LR Slope,Lower CI,Upper CI,MUE Ratio,Lower CI Ratio,Upper CI Ratio,Med Diff,Max Diff,Med Ratio,Max Ratio,% Outliers Diff,% Outliers Ratio
Entire Dataset,1.0455824460874736,0.86397753643803,0.005570279204446584,-0.038494405860245884,1.331599639711335,1.3315123531824673,0.009438909281594127,0.8860840114424231,39,3.102801041543479e-05,[-0.0054647],1.015699432096736,1.0754654600782112,11.106633626900747,10.368106082793203,11.897767011366222,0.03,8.2,16.67,160000000.0,1.4,17.9
No Pub Control,0.35394034192391816,0.19710856151391412,0.8247294426593044,0.8218952691598784,0.5514540313851323,0.5512281644776911,0.01638001638001638,0.9967068242929858,25,0.6515446702916456,[0.98515712],0.3230083737008501,0.3848723101469862,2.259125417824222,2.103819003443605,2.425896735938612,0.0,3.3,1.9,210000.0,17.0,18.4
Pub Control (All Pairs),0.3435877302492491,0.1978772542136138,0.8185532614707804,0.8394192169970083,0.5236225892403774,0.5230676101875192,0.029661016949152543,0.9857244140211834,7,0.6454286568815216,[0.97179351],0.29634843107798575,0.39082702942051245,2.2059096991858964,1.9785563838767963,2.4593878853368163,0.0,2.85,1.9,6000.0,25.0,26.1
