,MUE,MDUE,R2 Pearson,R2 Pearson Max,Stdev,Dahlberg Stdev,KS test D-stat,D-critical stat,Num Outliers,LR Rsquared,LR Slope,Lower CI,Upper CI,MUE Ratio,Lower CI Ratio,Upper CI Ratio,Med Diff,Max Diff,Med Ratio,Max Ratio,% Outliers Diff,% Outliers Ratio
Entire Dataset,1.0354291323030222,0.8692723671423714,0.004995613342605922,-0.0032447642302930735,1.3088052825507948,1.3087194901949915,0.014289459884635553,0.4173885402416065,39,2.4956152668731413e-05,[0.00493766],1.0060576565206352,1.0648006080854093,10.849984863243154,10.140460005793631,11.60915495602235,0.01,7.68,16.96,48000000.0,1.0,17.5
No Pub Control,0.3594903372579228,0.2128603512745575,0.8163306642225057,0.8120425922366259,0.5665018228554101,0.5662697926089962,0.02620802620802621,0.7960086357898383,23,0.6387979217364146,[0.98018213],0.32771431353594604,0.39126636097989953,2.288180800619904,2.126739579449868,2.461877056748012,0.0,4.23,2.0,363675.0,17.0,18.8
Pub Control (All Pairs),0.3435877302492491,0.1978772542136138,0.8185532614707804,0.8394192169970083,0.5236225892403774,0.5230676101875192,0.029661016949152543,0.9857244140211834,7,0.6454286568815216,[0.97179351],0.29634843107798575,0.39082702942051245,2.2059096991858964,1.9785563838767963,2.4593878853368163,0.0,2.85,1.9,6000.0,25.0,26.1
