,Count,MUE,MDUE,R2 Pearson,R2 Pearson Max,Stdev,Dahlberg Stdev,KS test D-stat,D-critical stat,Num Outliers,LR Rsquared,Lower CI,Upper CI,MUE Ratio,Lower CI Ratio,Upper CI Ratio,Med Diff,Max Diff,Med Ratio,Max Ratio,% Outliers Diff,% Outliers Ratio
Entire Dataset,7628,1.0354291323030222,0.8692723671423714,0.004995613342605922,-0.0032447642302930735,1.3088052825507948,1.3087194901949915,0.014289459884635553,0.4173885402416065,39,2.4956152668731413e-05,1.0060576565206352,1.0648006080854093,10.849984863243154,10.140460005793631,11.60915495602235,0.01,7.68,16.96,48000000.0,1.0,17.5
No Pub Control,829,0.3128316974990002,0.16209058471642576,0.8521043418717293,0.8380443405651604,0.5258594134188981,0.525542152808771,0.024125452352231604,0.9694659869097987,18,0.7009264527430165,0.27703454690763013,0.34862884809037026,2.055094029352297,1.8924941552582062,2.231664207651532,0.0,3.14,1.7,363675.0,14.4,15.8
Pub Control (All Pairs),48,0.25470736515426584,0.11908402429150976,0.8166861586965064,0.9008793078890969,0.411390019377642,0.4070821517736066,0.14583333333333334,0.6926601395134386,0,0.6358976284744111,0.13832445732375842,0.37109027298477326,1.7976592142626389,1.3750688924043284,2.3501212691772153,0.0,1.77,1.47,58.46,18.8,20.8
